<?xml version="1.0"?>
<doc>
    <assembly>
        <name>JWTAuthentication</name>
    </assembly>
    <members>
        <member name="T:JWTAuthentication.Controllers.UserController">
            <summary>
            Controller that handles the login and token creation and authentication.
            </summary>
        </member>
        <member name="M:JWTAuthentication.Controllers.UserController.Login(JWTAuthentication.User)">
            <summary>
            Logs in the user and, if a valid user, creates a JWT token.
            </summary>
            <param name="request">The user credentials.</param>
            <returns>JWT Token.</returns>
        </member>
    </members>
</doc>
